<?xml version="1.0" encoding="UTF-8"?>
<config xmlns="http://www.knime.org/2008/09/XMLConfig" xmlns:xsi="http://www.w3.org/2001/XMLSchema-instance" xsi:schemaLocation="http://www.knime.org/2008/09/XMLConfig http://www.knime.org/XMLConfig_2008_09.xsd" key="model.xml">
<entry key="version" type="xint" value="1"/>
<entry key="class_name" type="xstring" value="org.knime.base.algorithms.outlier.NumericOutliersPortObject"/>
<config key="model">
<entry key="summary" type="xstring" value="Outlier treatment for columns: &quot;Overall Qual&quot;, &quot;Gr Liv Area&quot;, &quot;Garage Cars&quot;"/>
<config key="group-col-types">
<entry key="array-size" type="xint" value="0"/>
</config>
<config key="outlier-treatment">
<entry key="outlier-treatment" type="xstring" value="Remove outlier rows"/>
<entry key="replacement-strategy" type="xstring" value="Missing values"/>
<entry key="detection-option" type="xstring" value="All outliers"/>
<entry key="update-domain" type="xboolean" value="false"/>
</config>
<config key="permitted intervals">
<config key="groups">
<entry key="array-size" type="xint" value="0"/>
</config>
<config key="outliers">
<entry key="array-size" type="xint" value="3"/>
<entry key="0" type="xstring" value="Overall Qual"/>
<entry key="1" type="xstring" value="Gr Liv Area"/>
<entry key="2" type="xstring" value="Garage Cars"/>
</config>
<config key="data">
<config key="row0">
<config key="key">
<config key="group-key">
<entry key="array-size" type="xint" value="0"/>
</config>
</config>
<config key="interval-columns">
<config key="interval0">
<entry key="outlier" type="xstring" value="Garage Cars"/>
<config key="interval">
<entry key="array-size" type="xint" value="2"/>
<entry key="0" type="xdouble" value="-0.10000000000000003"/>
<entry key="1" type="xdouble" value="0.7000000000000001"/>
</config>
</config>
<config key="interval1">
<entry key="outlier" type="xstring" value="Overall Qual"/>
<config key="interval">
<entry key="array-size" type="xint" value="2"/>
<entry key="0" type="xdouble" value="0.11111111111111144"/>
<entry key="1" type="xdouble" value="0.9999999999999996"/>
</config>
</config>
<config key="interval2">
<entry key="outlier" type="xstring" value="Gr Liv Area"/>
<config key="interval">
<entry key="array-size" type="xint" value="2"/>
<entry key="0" type="xdouble" value="-0.06431292118370935"/>
<entry key="1" type="xdouble" value="0.6681804863756226"/>
</config>
</config>
</config>
</config>
</config>
</config>
</config>
</config>
