<?xml version="1.0" encoding="UTF-8"?>
<config xmlns="http://www.knime.org/2008/09/XMLConfig" xmlns:xsi="http://www.w3.org/2001/XMLSchema-instance" xsi:schemaLocation="http://www.knime.org/2008/09/XMLConfig http://www.knime.org/XMLConfig_2008_09.xsd" key="model.xml">
<entry key="version" type="xint" value="1"/>
<entry key="class_name" type="xstring" value="org.knime.base.data.normalize.NormalizerPortObject"/>
<config key="model">
<config key="columns">
<config key="Overall Qual">
<entry key="column_name" type="xstring" value="Overall Qual"/>
<entry key="column_scale" type="xdouble" value="0.1111111111111111"/>
<entry key="column_translate" type="xdouble" value="-0.1111111111111111"/>
<entry key="column_min" type="xdouble" value="0.0"/>
<entry key="column_max" type="xdouble" value="1.0"/>
</config>
<config key="Gr Liv Area">
<entry key="column_name" type="xstring" value="Gr Liv Area"/>
<entry key="column_scale" type="xdouble" value="2.929973630237328E-4"/>
<entry key="column_translate" type="xdouble" value="-0.11924992675065925"/>
<entry key="column_min" type="xdouble" value="0.0"/>
<entry key="column_max" type="xdouble" value="1.0"/>
</config>
<config key="Garage Cars">
<entry key="column_name" type="xstring" value="Garage Cars"/>
<entry key="column_scale" type="xdouble" value="0.2"/>
<entry key="column_translate" type="xdouble" value="0.0"/>
<entry key="column_min" type="xdouble" value="0.0"/>
<entry key="column_max" type="xdouble" value="1.0"/>
</config>
</config>
<entry key="summary" type="xstring" value="Min/Max (0.0, 1) normalization on 3 column(s)"/>
</config>
</config>
